INSERT INTO CLIENTES (CLIENTE_ID, CLIENTE_NOM, CLIENTE_APELLIDO, CLIENTE_TELEFONO, CLIENTE_DEUDA)
VALUES
	(1, 'Daisy', 'Carbajal',	12345678, 500),
	(2, 'David', 'Carbajal',	12345670, 500),
	(3, 'Miguel', 'Carbajal',	12345600, 500),
	(4, 'Daisy', 'Navarro',	12345998, 500),
	(5, 'Pedro', 'Pascal',	12347778, 500),
	(6, 'Ana', 'De Armas',	12345678, 500),
	(7, 'Ryan', 'Gosling',	12345578, 500),
	(8, 'Chris', 'Evans',	12345378, 500),
	(9, 'Don', 'Pedro',	12342278, 500),
	(10, 'Don', 'Pancho',	12342378, 500);

------- Agregar a Creditos y actualizar Clientes / Ejecutar individualmente para evitar multiples consultas de los mismos registros --------------
INSERT INTO CREDITOS (CRED_CLIENTEID, CRED_ABONO, CRED_FECHA) VALUES(1, 200, '2023-05-16'); 
SELECT * FROM CLIENTES, CREDITOS WHERE CLIENTE_ID = 1;
UPDATE CLIENTES
SET CLIENTE_DEUDA = CLIENTES.CLIENTE_DEUDA - CREDITOS.CRED_ABONO
FROM CLIENTES
INNER JOIN CREDITOS ON CLIENTES.CLIENTE_ID = CREDITOS.CRED_CLIENTEID;

INSERT INTO CREDITOS (CRED_CLIENTEID, CRED_ABONO, CRED_FECHA) VALUES(2, 200, '2023-05-16'); 
SELECT * FROM CLIENTES, CREDITOS WHERE CLIENTE_ID = 2;
UPDATE CLIENTES
SET CLIENTE_DEUDA = CLIENTES.CLIENTE_DEUDA - CREDITOS.CRED_ABONO
FROM CLIENTES
INNER JOIN CREDITOS ON CLIENTES.CLIENTE_ID = CREDITOS.CRED_CLIENTEID;

INSERT INTO CREDITOS (CRED_CLIENTEID, CRED_ABONO, CRED_FECHA) VALUES(3, 200, '2023-05-16'); 
SELECT * FROM CLIENTES, CREDITOS WHERE CLIENTE_ID = 3;
UPDATE CLIENTES
SET CLIENTE_DEUDA = CLIENTES.CLIENTE_DEUDA - CREDITOS.CRED_ABONO
FROM CLIENTES
INNER JOIN CREDITOS ON CLIENTES.CLIENTE_ID = CREDITOS.CRED_CLIENTEID;

INSERT INTO CREDITOS (CRED_CLIENTEID, CRED_ABONO, CRED_FECHA) VALUES(4, 200, '2023-05-16'); 
SELECT * FROM CLIENTES, CREDITOS WHERE CLIENTE_ID = 4;
UPDATE CLIENTES
SET CLIENTE_DEUDA = CLIENTES.CLIENTE_DEUDA - CREDITOS.CRED_ABONO
FROM CLIENTES
INNER JOIN CREDITOS ON CLIENTES.CLIENTE_ID = CREDITOS.CRED_CLIENTEID;

INSERT INTO CREDITOS (CRED_CLIENTEID, CRED_ABONO, CRED_FECHA) VALUES(5, 200, '2023-05-16'); 
SELECT * FROM CLIENTES, CREDITOS WHERE CLIENTE_ID = 5;
UPDATE CLIENTES
SET CLIENTE_DEUDA = CLIENTES.CLIENTE_DEUDA - CREDITOS.CRED_ABONO
FROM CLIENTES
INNER JOIN CREDITOS ON CLIENTES.CLIENTE_ID = CREDITOS.CRED_CLIENTEID;

INSERT INTO CREDITOS (CRED_CLIENTEID, CRED_ABONO, CRED_FECHA) VALUES(6, 200, '2023-05-16'); 
SELECT * FROM CLIENTES, CREDITOS WHERE CLIENTE_ID = 6;
UPDATE CLIENTES
SET CLIENTE_DEUDA = CLIENTES.CLIENTE_DEUDA - CREDITOS.CRED_ABONO
FROM CLIENTES
INNER JOIN CREDITOS ON CLIENTES.CLIENTE_ID = CREDITOS.CRED_CLIENTEID;

INSERT INTO CREDITOS (CRED_CLIENTEID, CRED_ABONO, CRED_FECHA) VALUES(7, 200, '2023-05-16'); 
SELECT * FROM CLIENTES, CREDITOS WHERE CLIENTE_ID = 7;
UPDATE CLIENTES
SET CLIENTE_DEUDA = CLIENTES.CLIENTE_DEUDA - CREDITOS.CRED_ABONO
FROM CLIENTES
INNER JOIN CREDITOS ON CLIENTES.CLIENTE_ID = CREDITOS.CRED_CLIENTEID;

INSERT INTO CREDITOS (CRED_CLIENTEID, CRED_ABONO, CRED_FECHA) VALUES(8, 200, '2023-05-16'); 
SELECT * FROM CLIENTES, CREDITOS WHERE CLIENTE_ID = 8;
UPDATE CLIENTES
SET CLIENTE_DEUDA = CLIENTES.CLIENTE_DEUDA - CREDITOS.CRED_ABONO
FROM CLIENTES
INNER JOIN CREDITOS ON CLIENTES.CLIENTE_ID = CREDITOS.CRED_CLIENTEID;

INSERT INTO CREDITOS (CRED_CLIENTEID, CRED_ABONO, CRED_FECHA) VALUES(9, 200, '2023-05-16'); 
SELECT * FROM CLIENTES, CREDITOS WHERE CLIENTE_ID = 9;
UPDATE CLIENTES
SET CLIENTE_DEUDA = CLIENTES.CLIENTE_DEUDA - CREDITOS.CRED_ABONO
FROM CLIENTES
INNER JOIN CREDITOS ON CLIENTES.CLIENTE_ID = CREDITOS.CRED_CLIENTEID;

INSERT INTO CREDITOS (CRED_CLIENTEID, CRED_ABONO, CRED_FECHA) VALUES(10, 200, '2023-05-16'); 
SELECT * FROM CLIENTES, CREDITOS WHERE CLIENTE_ID = 10;
UPDATE CLIENTES
SET CLIENTE_DEUDA = CLIENTES.CLIENTE_DEUDA - CREDITOS.CRED_ABONO
FROM CLIENTES
INNER JOIN CREDITOS ON CLIENTES.CLIENTE_ID = CREDITOS.CRED_CLIENTEID;
-----------------------------------------------------------------------------------

INSERT INTO HORARIO(TURNO_ID, TURNO_TIPO, TURNO_TOTALHR, TURNO_HORAI, TURNO_HORAF)
VALUES 
(1, 'MATUTINO', 8, 8, 5),
(2, 'MATUTINO', 7, 8, 4),
(3, 'MATUTINO', 6, 8, 3),
(4, 'VESPERTINO', 7, 12, 7),
(5, 'VESPERTINO', 6, 12, 6),
(6, 'VESPERTINO', 5, 12, 5),
(7, 'NOCTURNO', 6, 3, 9),
(8, 'NOCTURNO', 6, 4, 10),
(9, 'NOCTURNO', 5, 4, 9),
(10, 'NOCTURNO', 5, 5, 10);

INSERT INTO EMPLEADOS (EMP_ID, EMP_NOM, EMP_APELLIDO, EMP_NACIMIENTO, EMP_ESTADO, EMP_TURNO)
VALUES
	(1, 'Daisy', 'Carbajal','1999-01-02', 1, 1),
	(2, 'David', 'Carbajal','1989-01-02', 1, 2),
	(3, 'Miguel', 'Carbajal','1979-01-02', 1, 3),
	(4, 'Daisy', 'Navarro',	'2000-01-02', 0, 4),
	(5, 'Pedro', 'Pascal',	'1978-01-02', 0, 5),
	(6, 'Ana', 'De Armas',	'1987-01-02', 0, 5),
	(7, 'Ryan', 'Gosling',	'1986-01-02', 1, 5),
	(8, 'Chris', 'Evans',	'1985-01-02', 0, 6),
	(9, 'Don', 'Pedro',	'1960-01-02', 1, 8),
	(10, 'Don', 'Pancho','1962-01-02', 0, 9);

INSERT INTO PROVEEDORES (PROV_ID, PROV_NOM, PROVOFRECE_PROD)
VALUES
	(1, 'LEYDE', 1),
	(2, 'SULA', 1),
	(3, 'DELICIA', 0),
	(4, 'COCACOLA', 0),
	(5, 'PEPSI', 1),
	(6, 'SULI', 1),
	(7, 'POLLO NORTEÑO', 0),
	(8, 'POLLO REY', 0),
	(9, 'DELTA', 1),
	(10, 'BIMBO', 1);

INSERT INTO PRODUCTOS (PROD_ID, PROD_NOM, PRODPROV_ID, PRODPRECIO_INICIAL, PRODPROV_PRECIO, PRODPRECIO_TOTAL, PRODCANT, PROD_ESTADO)
VALUES
	(1, 'LECHE EN BOLSA 1 LT', 1, 20, 1, 26, 50, 1),
	(2, 'CARTON DE HUEVOS', 6, 20, 1, 26, 50, 1),
	(3, 'JABON DE ROPA', 6, 0, 0, 0, 0, 0),
	(4, 'DETERGENTE EN POLVO PEQ', 6, 20, 1, 26, 50, 1),
	(5, 'DETERGENTE EN POLVO MED', 6, 0, 0, 0, 0, 0),
	(6, 'DETERGENTE EN POLVO GND', 6, 20, 1, 26, 50, 1),
	(7, 'PASTA DE TOMATE PEQ', 9, 0, 0, 0, 0, 0),
	(8, 'PASTA DE TOMATE GND', 10, 20, 1, 26, 50, 1),
	(9, 'CEREAL INTEGRAL', 2, 0, 0, 0, 0, 0),
	(10, 'LATA DE CHOCOLATE EN POLVO', 3, 20, 1, 26, 50, 1);

INSERT INTO GASTOS (GASTO_ID, GASTO_DESC, GASTO_TOTAL, GASTO_TIPO, GASTO_FECHA)
VALUES
	(1, 'FACTURA ENERGIA', 900, 'mensual', '2023-05-16'),
	(1, 'FACTURA MANTENIMIENTO', 800, 'mensual', '2023-02-16'),
	(1, 'FACTURA GAS', 500, 'mensual', '2023-01-16'),
	(1, 'FACTURA AGUA', 600, 'mensual', '2023-05-17'),
	(1, 'FACTURA INTERNET', 1300, 'mensual', '2023-05-23'),
	(1, 'FACTURA TREN DE ASEO', 300, 'mensual', '2023-05-10'),
	(1, 'FACTURA BIENES Y MUEBLES', 4000, 'anual', '2022-02-16'),
	(1, 'FACTURA ENERGIA MERCADITO', 900, 'mensual', '2023-04-16'),
	(1, 'FACTURA GAS MERCADITO', 900, 'mensual', '2023-03-18'),
	(1, 'FACTURA IMPUESTO', 7500, 'anual', '2023-02-01');

	------------------------------------- Registro de productos tomados para la casa -----------------------
INSERT INTO PROD_CASA (CASAPROD_ID, CASA_CANT, CASA_VALOR, CASA_TOTAL, CASA_FECHA) VALUES(1, 10, 26, 260, '2023-05-16');
UPDATE PRODUCTOS SET PRODCANT = PRODUCTOS.PRODCANT - PROD_CASA.CASA_CANT 
FROM PRODUCTOS 
INNER JOIN PROD_CASA ON PRODUCTOS.PROD_ID = PROD_CASA.CASAPROD_ID;
SELECT PRODUCTOS.PROD_ID, PRODUCTOS.PRODCANT, PROD_CASA.CASAPROD_ID, PROD_CASA.CASA_CANT FROM PRODUCTOS, PROD_CASA WHERE PRODUCTOS.PROD_ID = 1;

INSERT INTO PROD_CASA (CASAPROD_ID, CASA_CANT, CASA_VALOR, CASA_TOTAL, CASA_FECHA) VALUES(2, 10, 26, 260, '2023-05-15');
UPDATE PRODUCTOS SET PRODCANT = PRODUCTOS.PRODCANT - PROD_CASA.CASA_CANT 
FROM PRODUCTOS 
INNER JOIN PROD_CASA ON PRODUCTOS.PROD_ID = PROD_CASA.CASAPROD_ID;
SELECT PRODUCTOS.PROD_ID, PRODUCTOS.PRODCANT, PROD_CASA.CASAPROD_ID, PROD_CASA.CASA_CANT FROM PRODUCTOS, PROD_CASA WHERE PRODUCTOS.PROD_ID = 2;

INSERT INTO PROD_CASA (CASAPROD_ID, CASA_CANT, CASA_VALOR, CASA_TOTAL, CASA_FECHA) VALUES(2, 10, 26, 260, '2023-04-15');
UPDATE PRODUCTOS SET PRODCANT = PRODUCTOS.PRODCANT - PROD_CASA.CASA_CANT 
FROM PRODUCTOS 
INNER JOIN PROD_CASA ON PRODUCTOS.PROD_ID = PROD_CASA.CASAPROD_ID;
SELECT PRODUCTOS.PROD_ID, PRODUCTOS.PRODCANT, PROD_CASA.CASAPROD_ID, PROD_CASA.CASA_CANT FROM PRODUCTOS, PROD_CASA WHERE PRODUCTOS.PROD_ID = 2;

INSERT INTO PROD_CASA (CASAPROD_ID, CASA_CANT, CASA_VALOR, CASA_TOTAL, CASA_FECHA) VALUES(4, 10, 26, 260, '2023-04-15');
UPDATE PRODUCTOS SET PRODCANT = PRODUCTOS.PRODCANT - PROD_CASA.CASA_CANT 
FROM PRODUCTOS 
INNER JOIN PROD_CASA ON PRODUCTOS.PROD_ID = PROD_CASA.CASAPROD_ID;
SELECT PRODUCTOS.PROD_ID, PRODUCTOS.PRODCANT, PROD_CASA.CASAPROD_ID, PROD_CASA.CASA_CANT FROM PRODUCTOS, PROD_CASA WHERE PRODUCTOS.PROD_ID = 4;

INSERT INTO PROD_CASA (CASAPROD_ID, CASA_CANT, CASA_VALOR, CASA_TOTAL, CASA_FECHA) VALUES(6, 10, 26, 260, '2023-04-15');
UPDATE PRODUCTOS SET PRODCANT = PRODUCTOS.PRODCANT - PROD_CASA.CASA_CANT 
FROM PRODUCTOS 
INNER JOIN PROD_CASA ON PRODUCTOS.PROD_ID = PROD_CASA.CASAPROD_ID;
SELECT PRODUCTOS.PROD_ID, PRODUCTOS.PRODCANT, PROD_CASA.CASAPROD_ID, PROD_CASA.CASA_CANT FROM PRODUCTOS, PROD_CASA WHERE PRODUCTOS.PROD_ID = 6;

INSERT INTO PROD_CASA (CASAPROD_ID, CASA_CANT, CASA_VALOR, CASA_TOTAL, CASA_FECHA) VALUES(8, 10, 26, 260, '2023-03-15');
UPDATE PRODUCTOS SET PRODCANT = PRODUCTOS.PRODCANT - PROD_CASA.CASA_CANT 
FROM PRODUCTOS 
INNER JOIN PROD_CASA ON PRODUCTOS.PROD_ID = PROD_CASA.CASAPROD_ID;
SELECT PRODUCTOS.PROD_ID, PRODUCTOS.PRODCANT, PROD_CASA.CASAPROD_ID, PROD_CASA.CASA_CANT FROM PRODUCTOS, PROD_CASA WHERE PRODUCTOS.PROD_ID = 8;

INSERT INTO PROD_CASA (CASAPROD_ID, CASA_CANT, CASA_VALOR, CASA_TOTAL, CASA_FECHA) VALUES(8, 10, 26, 260, '2023-02-15');
UPDATE PRODUCTOS SET PRODCANT = PRODUCTOS.PRODCANT - PROD_CASA.CASA_CANT 
FROM PRODUCTOS 
INNER JOIN PROD_CASA ON PRODUCTOS.PROD_ID = PROD_CASA.CASAPROD_ID;
SELECT PRODUCTOS.PROD_ID, PRODUCTOS.PRODCANT, PROD_CASA.CASAPROD_ID, PROD_CASA.CASA_CANT FROM PRODUCTOS, PROD_CASA WHERE PRODUCTOS.PROD_ID = 8;
-----------------------------------------------------------------------------------------------------

INSERT INTO PENDIENTES (PEND_ID, PENDPROV_ID, PENDFECHA_ENTREGA, PEND_ESTADO, PENDTOTAL)
VALUES 
	(1, 1, '2023-05-20', 0, 300),
	(2, 2, '2023-05-21', 0, 400),
	(3, 3, '2023-05-23', 0, 500),
	(4, 4, '2023-05-24', 0, 550),
	(5, 5, '2023-05-25', 0,  670),
	(6, 6, '2023-05-26', 0, 870),
	(7, 7, '2023-05-26', 0, 890),
	(8, 8, '2023-05-27', 0, 920),
	(9, 9, '2023-05-28', 0, 1000),
	(10, 10, '2023-05-30', 0, 3090);

------------------ Agregar detalle de pendientes y actualizar productos
INSERT INTO PENDIENTEDETALLES (PENDET_ID, PENDET_PROD_ID, PENDET_CANT, PENDET_VALOR, PENDET_TOTAL)
VALUES(1, 1, 20, 20, 400)
UPDATE PRODUCTOS SET PRODCANT = PRODUCTOS.PRODCANT + PENDIENTEDETALLES.PENDET_CANT 
FROM PRODUCTOS 
INNER JOIN PENDIENTEDETALLES ON PRODUCTOS.PROD_ID = PENDIENTEDETALLES.PENDET_PROD_ID;
SELECT PRODUCTOS.PROD_ID, PRODUCTOS.PRODCANT, PENDIENTEDETALLES.PENDET_PROD_ID, PENDIENTEDETALLES.PENDET_CANT FROM PRODUCTOS, PENDIENTEDETALLES WHERE PRODUCTOS.PROD_ID = 1;

INSERT INTO PENDIENTEDETALLES (PENDET_ID, PENDET_PROD_ID, PENDET_CANT, PENDET_VALOR, PENDET_TOTAL)
VALUES(2, 2, 20, 20, 400)
UPDATE PRODUCTOS SET PRODCANT = PRODUCTOS.PRODCANT + PENDIENTEDETALLES.PENDET_CANT
FROM PRODUCTOS 
INNER JOIN PENDIENTEDETALLES ON PRODUCTOS.PROD_ID = PENDIENTEDETALLES.PENDET_PROD_ID;
SELECT PRODUCTOS.PROD_ID, PRODUCTOS.PRODCANT, PENDIENTEDETALLES.PENDET_PROD_ID, PENDIENTEDETALLES.PENDET_CANT FROM PRODUCTOS, PENDIENTEDETALLES WHERE PRODUCTOS.PROD_ID = 2;
----------------------------------------------------------------

INSERT INTO VENTASMAESTRO (VENTA_ID, VENTA_EMPID, VENTA_FECHA, VENTA_TOTAL, VENTA_TURNO)
VALUES
	(1, 1, '2023-05-16', 500, 1),
	(2, 1, '2023-05-16', 500, 1),
	(3, 1, '2023-05-16', 500, 1),
	(4, 2, '2023-05-16', 500, 2),
	(5, 2, '2023-05-16', 500, 2),
	(6, 3, '2023-05-16', 500, 2),
	(7, 3, '2023-05-16', 500, 3),
	(8, 7, '2023-05-16', 500, 3),
	(9, 7, '2023-05-16', 500, 4),
	(10, 7, '2023-05-16', 500, 4);

---------------------Detalle de Venta-----------------------------
INSERT INTO VENTASDETALLE (VENTADET_ID, VENTADET_PRODID, VENTADET_FECHA, VENTADET_CANT, VENTADET_TOTAL)
VALUES(1, 1, '2023-05-16', 20, 400)
UPDATE PRODUCTOS SET PRODCANT = PRODUCTOS.PRODCANT - VENTASDETALLE.VENTADET_CANT 
FROM PRODUCTOS 
INNER JOIN VENTASDETALLE ON PRODUCTOS.PROD_ID = VENTASDETALLE.VENTADET_PRODID;
SELECT PRODUCTOS.PROD_ID, PRODUCTOS.PRODCANT, VENTASDETALLE.VENTADET_PRODID, VENTASDETALLE.VENTADET_CANT FROM PRODUCTOS, VENTASDETALLE WHERE PRODUCTOS.PROD_ID = 1;